Akazienholzknopf,acacia_button
Akazienholztür,acacia_door
Akazienholzzaun,acacia_fence
Akazienholzzauntor,acacia_fence_gate
Akazienholzhängeschild,acacia_hanging_sign
Akazienlaub,acacia_leaves
Akazienstamm,acacia_log
Akazienholzbretter,acacia_planks
Akazienholzdruckplatte,acacia_pressure_plate
Akaziensetzling,acacia_sapling
Akazienholzschild,acacia_sign
Akazienholzstufe,acacia_slab
Akazienholztreppe,acacia_stairs
Akazienholzfalltür,acacia_trapdoor
Akazienholzwandhängeschild,acacia_wall_hanging_sign
Akazienholzwandschild,acacia_wall_sign
Akazienholz,acacia_wood
Aktivierungsschiene,activator_rail
Luft,air
Zierlauch,allium
Amethystblock,amethyst_block
Amethysthaufen,amethyst_cluster
Antiker_Schrott,ancient_debris
Andesit,andesite
Andesitstufe,andesite_slab
Andesittreppe,andesite_stairs
Andesitmauer,andesite_wall
Amboss,anvil
Melonenranke,attached_melon_stem
Kürbisranke,attached_pumpkin_stem
Azalee,azalea
Azaleenlaub,azalea_leaves
Porzellansternchen,azure_bluet
Bambus,bamboo
Bambusblock,bamboo_block
Bambusknopf,bamboo_button
Bambustür,bamboo_door
Bambuszaun,bamboo_fence
Bambuszauntor,bamboo_fence_gate
Bambushängeschild,bamboo_hanging_sign
Bambusmosaik,bamboo_mosaic
Bambusmosaikstufe,bamboo_mosaic_slab
Bambusmosaiktreppe,bamboo_mosaic_stairs
Bambusbretter,bamboo_planks
Bambusdruckplatte,bamboo_pressure_plate
Bambussprössling,bamboo_sapling
Bambusschild,bamboo_sign
Bambusstufe,bamboo_slab
Bambustreppe,bamboo_stairs
Bambusfalltür,bamboo_trapdoor
Bambuswandhängeschild,bamboo_wall_hanging_sign
Bambuswandschild,bamboo_wall_sign
Fass,barrel
Barriere,barrier
Basalt,basalt
Leuchtfeuer,beacon
Grundgestein,bedrock
Bienennest,bee_nest
Bienenstock,beehive
Rote_Bete,beetroots
Glocke,bell
Großes_Tropfblatt,big_dripleaf
Großer_Tropfblattstiel,big_dripleaf_stem
Birkenholzknopf,birch_button
Birkenholztür,birch_door
Birkenholzzaun,birch_fence
Birkenholzzauntor,birch_fence_gate
Birkenholzhängeschild,birch_hanging_sign
Birkenlaub,birch_leaves
Birkenstamm,birch_log
Birkenholzbretter,birch_planks
Birkenholzdruckplatte,birch_pressure_plate
Birkensetzling,birch_sapling
Birkenholzschild,birch_sign
Birkenholzstufe,birch_slab
Birkenholztreppe,birch_stairs
Birkenholzfalltür,birch_trapdoor
Birkenholzwandhängeschild,birch_wall_hanging_sign
Birkenholzwandschild,birch_wall_sign
Birkenholz,birch_wood
Schwarzes_Banner,black_banner
Schwarzes_Bett,black_bed
Schwarze_Kerze,black_candle
Kuchen_mit_schwarzer_Kerze,black_candle_cake
Schwarzer_Teppich,black_carpet
Schwarzer_Beton,black_concrete
Schwarzer_Trockenbeton,black_concrete_powder
Schwarze_glasierte_Keramik,black_glazed_terracotta
Schwarze_Shulker_Kiste,black_shulker_box
Schwarzes_Glas,black_stained_glass
Schwarze_Glasscheibe,black_stained_glass_pane
Schwarze_Keramik,black_terracotta
Schwarze_Wolle,black_wool
Schwarzstein,blackstone
Schwarzsteinstufe,blackstone_slab
Schwarzsteintreppe,blackstone_stairs
Schwarzsteinmauer,blackstone_wall
Schmelzofen,blast_furnace
Blaues_Banner,blue_banner
Blaues_Bett,blue_bed
Blaue_Kerze,blue_candle
Kuchen_mit_blauer_Kerze,blue_candle_cake
Blauer_Teppich,blue_carpet
Blauer_Beton,blue_concrete
Blauer_Trockenbeton,blue_concrete_powder
Blaue_glasierte_Keramik,blue_glazed_terracotta
Blaueis,blue_ice
Blaue_Orchidee,blue_orchid
Blaue_Shulker_Kiste,blue_shulker_box
Blaues_Glas,blue_stained_glass
Blaue_Glasscheibe,blue_stained_glass_pane
Blaue_Keramik,blue_terracotta
Blaue_Wolle,blue_wool
Knochenblock,bone_block
Bücherregal,bookshelf
Hirnkoralle,brain_coral
Hirnkorallenblock,brain_coral_block
Hirnkorallenfächer,brain_coral_fan
Hirnkorallenwandfächer,brain_coral_wall_fan
Braustand,brewing_stand
Ziegelstufe,brick_slab
Ziegeltreppe,brick_stairs
Ziegelsteinmauer,brick_wall
Ziegelsteine,bricks
Braunes_Banner,brown_banner
Braunes_Bett,brown_bed
Braune_Kerze,brown_candle
Kuchen_mit_brauner_Kerze,brown_candle_cake
Brauner_Teppich,brown_carpet
Brauner_Beton,brown_concrete
Brauner_Trockenbeton,brown_concrete_powder
Braune_glasierte_Keramik,brown_glazed_terracotta
Brauner_Pilz,brown_mushroom
Brauner_Pilzblock,brown_mushroom_block
Braune_Shulker_Kiste,brown_shulker_box
Braunes_Glas,brown_stained_glass
Braune_Glasscheibe,brown_stained_glass_pane
Braune_Keramik,brown_terracotta
Braune_Wolle,brown_wool
Blasensäule,bubble_column
Blasenkoralle,bubble_coral
Blasenkorallenblock,bubble_coral_block
Blasenkorallenfächer,bubble_coral_fan
Blasenkorallenwandfächer,bubble_coral_wall_fan
Amethystknospenblock,budding_amethyst
Kaktus,cactus
Kuchen,cake
Kalzit,calcite
Lagerfeuer,campfire
Kerze,candle
Kuchen_mit_Kerze,candle_cake
Karotten,carrots
Kartentisch,cartography_table
Geschnitzter_Kürbis,carved_pumpkin
Kessel,cauldron
Höhlenluft,cave_air
Höhlenranken,cave_vines
Höhlenrankenpflanze,cave_vines_plant
Kette,chain
Ketten_Befehlsblock,chain_command_block
Kirschholzknopf,cherry_button
Kirschholztür,cherry_door
Kirschholzzaun,cherry_fence
Kirschholzzauntor,cherry_fence_gate
Kirschholzhängeschild,cherry_hanging_sign
Kirschlaub,cherry_leaves
Kirschstamm,cherry_log
Kirschholzbretter,cherry_planks
Kirschholzdruckplatte,cherry_pressure_plate
Kirschsetzling,cherry_sapling
Kirschholzschild,cherry_sign
Kirschholzstufe,cherry_slab
Kirschholztreppe,cherry_stairs
Kirschholzfalltür,cherry_trapdoor
Kirschholzwandhängeschild,cherry_wall_hanging_sign
Kirschholzwandschild,cherry_wall_sign
Kirschholz,cherry_wood
Truhe,chest
Angeschlagener_Amboss,chipped_anvil
Gearbeitetes_Bücherregal,chiseled_bookshelf
Gemeißelter_Tiefenschiefer,chiseled_deepslate
Gemeißelte_Netherziegel,chiseled_nether_bricks
Gemeißelter_polierter_Schwarzstein,chiseled_polished_blackstone
Gemeißelter_Quarzblock,chiseled_quartz_block
Gemeißelter_roter_Sandstein,chiseled_red_sandstone
Gemeißelter_Sandstein,chiseled_sandstone
Gemeißelte_Steinziegel,chiseled_stone_bricks
Chorusblüte,chorus_flower
Choruspflanze,chorus_plant
Ton,clay
Kohleblock,coal_block
Steinkohle,coal_ore
Grobe_Erde,coarse_dirt
Bruchtiefenschiefer,cobbled_deepslate
Bruchtiefenschieferstufe,cobbled_deepslate_slab
Bruchtiefenschiefertreppe,cobbled_deepslate_stairs
Bruchtiefenschiefermauer,cobbled_deepslate_wall
Bruchstein,cobblestone
Bruchsteinstufe,cobblestone_slab
Bruchsteintreppe,cobblestone_stairs
Bruchsteinmauer,cobblestone_wall
Spinnennetz,cobweb
Kakao,cocoa
Befehlsblock,command_block
Redstone_Komparator,comparator
Komposter,composter
Aquisator,conduit
Kupferblock,copper_block
Kupfererz,copper_ore
Kornblume,cornflower
Rissige_Tiefenschieferziegel,cracked_deepslate_bricks
Rissige_Tiefenschieferfliesen,cracked_deepslate_tiles
Rissige_Netherziegel,cracked_nether_bricks
Rissige_polierte_Schwarzsteinziegel,cracked_polished_blackstone_bricks
Rissige_Steinziegel,cracked_stone_bricks
Werkbank,crafting_table
Creeperkopf,creeper_head
Creeper_Wandkopf,creeper_wall_head
Karmesinknopf,crimson_button
Karmesintür,crimson_door
Karmesinzaun,crimson_fence
Karmesinzauntor,crimson_fence_gate
Karmesinpilz,crimson_fungus
Karmesinhängeschild,crimson_hanging_sign
Karmesinhyphen,crimson_hyphae
Karmesin_Nezel,crimson_nylium
Karmesinbretter,crimson_planks
Karmesindruckplatte,crimson_pressure_plate
Karmesinwurzeln,crimson_roots
Karmesinschild,crimson_sign
Karmesinstufe,crimson_slab
Karmesintreppe,crimson_stairs
Karmesinstiel,crimson_stem
Karmesinfalltür,crimson_trapdoor
Karmesinwandhängeschild,crimson_wall_hanging_sign
Karmesinwandschild,crimson_wall_sign
Weinender_Obsidian,crying_obsidian
Geschnittener_Kupferblock,cut_copper
Geschnittene_Kupferstufe,cut_copper_slab
Geschnittene_Kupfertreppe,cut_copper_stairs
Geschnittener_roter_Sandstein,cut_red_sandstone
Geschnittene_rote_Sandsteinstufe,cut_red_sandstone_slab
Geschnittener_Sandstein,cut_sandstone
Geschnittene_Sandsteinstufe,cut_sandstone_slab
Türkises_Banner,cyan_banner
Türkises_Bett,cyan_bed
Türkise_Kerze,cyan_candle
Kuchen_mit_türkiser_Kerze,cyan_candle_cake
Türkiser_Teppich,cyan_carpet
Türkiser_Beton,cyan_concrete
Türkiser_Trockenbeton,cyan_concrete_powder
Türkise_glasierte_Keramik,cyan_glazed_terracotta
Türkise_Shulker_Kiste,cyan_shulker_box
Türkises_Glas,cyan_stained_glass
Türkise_Glasscheibe,cyan_stained_glass_pane
Türkise_Keramik,cyan_terracotta
Türkise_Wolle,cyan_wool
Beschädigter_Amboss,damaged_anvil
Löwenzahn,dandelion
Schwarzeichenholzknopf,dark_oak_button
Schwarzeichenholztür,dark_oak_door
Schwarzeichenholzzaun,dark_oak_fence
Schwarzeichenholzzauntor,dark_oak_fence_gate
Schwarzeichenholzhängeschild,dark_oak_hanging_sign
Schwarzeichenlaub,dark_oak_leaves
Schwarzeichenstamm,dark_oak_log
Schwarzeichenholzbretter,dark_oak_planks
Schwarzeichenholzdruckplatte,dark_oak_pressure_plate
Schwarzeichensetzling,dark_oak_sapling
Schwarzeichenholzschild,dark_oak_sign
Schwarzeichenholzstufe,dark_oak_slab
Schwarzeichenholztreppe,dark_oak_stairs
Schwarzeichenholzfalltür,dark_oak_trapdoor
Schwarzeichenholzwandhängeschild,dark_oak_wall_hanging_sign
Schwarzeichenholzwandschild,dark_oak_wall_sign
Schwarzeichenholz,dark_oak_wood
Dunkler_Prismarin,dark_prismarine
Dunkle_Prismarinstufe,dark_prismarine_slab
Dunkle_Prismarintreppe,dark_prismarine_stairs
Tageslichtsensor,daylight_detector
Abgestorbene_Hirnkoralle,dead_brain_coral
Abgestorbener_Hirnkorallenblock,dead_brain_coral_block
Abgestorbener_Hirnkorallenfächer,dead_brain_coral_fan
Abgestorbener_Hirnkorallenwandfächer,dead_brain_coral_wall_fan
Abgestorbene_Blasenkoralle,dead_bubble_coral
Abgestorbener_Blasenkorallenblock,dead_bubble_coral_block
Abgestorbener_Blasenkorallenfächer,dead_bubble_coral_fan
Abgestorbener_Blasenkorallenwandfächer,dead_bubble_coral_wall_fan
Toter_Busch,dead_bush
Abgestorbene_Feuerkoralle,dead_fire_coral
Abgestorbener_Feuerkorallenblock,dead_fire_coral_block
Abgestorbener_Feuerkorallenfächer,dead_fire_coral_fan
Abgestorbener_Feuerkorallenwandfächer,dead_fire_coral_wall_fan
Abgestorbene_Geweihkoralle,dead_horn_coral
Abgestorbener_Geweihkorallenblock,dead_horn_coral_block
Abgestorbener_Geweihkorallenfächer,dead_horn_coral_fan
Abgestorbener_Geweihkorallenwandfächer,dead_horn_coral_wall_fan
Abgestorbene_Orgelkoralle,dead_tube_coral
Abgestorbener_Orgelkorallenblock,dead_tube_coral_block
Abgestorbener_Orgelkorallenfächer,dead_tube_coral_fan
Abgestorbener_Orgelkorallenwandfächer,dead_tube_coral_wall_fan
Verzierter_Krug,decorated_pot
Tiefenschiefer,deepslate
Tiefenschieferziegelstufe,deepslate_brick_slab
Tiefenschieferziegeltreppe,deepslate_brick_stairs
Tiefenschieferziegelmauer,deepslate_brick_wall
Tiefenschieferziegel,deepslate_bricks
Tiefenschiefer_Steinkohle,deepslate_coal_ore
Tiefenschiefer_Kupfererz,deepslate_copper_ore
Tiefenschiefer_Diamanterz,deepslate_diamond_ore
Tiefenschiefer_Smaragderz,deepslate_emerald_ore
Tiefenschiefer_Golderz,deepslate_gold_ore
Tiefenschiefer_Eisenerz,deepslate_iron_ore
Tiefenschiefer_Lapislazulierz,deepslate_lapis_ore
Tiefenschiefer_Redstone_Erz,deepslate_redstone_ore
Tiefenschieferfliesenstufe,deepslate_tile_slab
Tiefenschieferfliesentreppe,deepslate_tile_stairs
Tiefenschieferfliesenmauer,deepslate_tile_wall
Tiefenschieferfliesen,deepslate_tiles
Sensorschiene,detector_rail
Diamantblock,diamond_block
Diamanterz,diamond_ore
Diorit,diorite
Dioritstufe,diorite_slab
Diorittreppe,diorite_stairs
Dioritmauer,diorite_wall
Erde,dirt
Trampelpfad,dirt_path
Werfer,dispenser
Drachenei,dragon_egg
Drachenkopf,dragon_head
Drachen_Wandkopf,dragon_wall_head
Getrockneter_Seetangblock,dried_kelp_block
Tropfsteinblock,dripstone_block
Spender,dropper
Smaragdblock,emerald_block
Smaragderz,emerald_ore
Zaubertisch,enchanting_table
Endtransitportal,end_gateway
Endportal,end_portal
Endportalrahmen,end_portal_frame
Endstab,end_rod
Endstein,end_stone
Endsteinziegelstufe,end_stone_brick_slab
Endsteinziegeltreppe,end_stone_brick_stairs
Endsteinziegelmauer,end_stone_brick_wall
Endsteinziegel,end_stone_bricks
Endertruhe,ender_chest
Angelaufener_Kupferblock,exposed_copper
Angelaufener_geschnittener_Kupferblock,exposed_cut_copper
Angelaufene_geschnittene_Kupferstufe,exposed_cut_copper_slab
Angelaufene_geschnittene_Kupfertreppe,exposed_cut_copper_stairs
Ackerboden,farmland
Farn,fern
Feuer,fire
Feuerkoralle,fire_coral
Feuerkorallenblock,fire_coral_block
Feuerkorallenfächer,fire_coral_fan
Feuerkorallenwandfächer,fire_coral_wall_fan
Bognertisch,fletching_table
Blumentopf,flower_pot
Blühende_Azalee,flowering_azalea
Blühendes_Azaleenlaub,flowering_azalea_leaves
Froschlaich,frogspawn
Brüchiges_Eis,frosted_ice
Ofen,furnace
Golddurchzogener_Schwarzstein,gilded_blackstone
Glas,glass
Glasscheibe,glass_pane
Leuchtflechte,glow_lichen
Leuchtstein,glowstone
Goldblock,gold_block
Golderz,gold_ore
Granit,granite
Granitstufe,granite_slab
Granittreppe,granite_stairs
Granitmauer,granite_wall
Grasblock,grass_block
Kies,gravel
Graues_Banner,gray_banner
Graues_Bett,gray_bed
Graue_Kerze,gray_candle
Kuchen_mit_grauer_Kerze,gray_candle_cake
Grauer_Teppich,gray_carpet
Grauer_Beton,gray_concrete
Grauer_Trockenbeton,gray_concrete_powder
Graue_glasierte_Keramik,gray_glazed_terracotta
Graue_Shulker_Kiste,gray_shulker_box
Graues_Glas,gray_stained_glass
Graue_Glasscheibe,gray_stained_glass_pane
Graue_Keramik,gray_terracotta
Graue_Wolle,gray_wool
Grünes_Banner,green_banner
Grünes_Bett,green_bed
Grüne_Kerze,green_candle
Kuchen_mit_grüner_Kerze,green_candle_cake
Grüner_Teppich,green_carpet
Grüner_Beton,green_concrete
Grüner_Trockenbeton,green_concrete_powder
Grüne_glasierte_Keramik,green_glazed_terracotta
Grüne_Shulker_Kiste,green_shulker_box
Grünes_Glas,green_stained_glass
Grüne_Glasscheibe,green_stained_glass_pane
Grüne_Keramik,green_terracotta
Grüne_Wolle,green_wool
Schleifstein,grindstone
Hängende_Wurzeln,hanging_roots
Strohballen,hay_block
Grobwägeplatte,heavy_weighted_pressure_plate
Honigblock,honey_block
Honigwabenblock,honeycomb_block
Trichter,hopper
Geweihkoralle,horn_coral
Geweihkorallenblock,horn_coral_block
Geweihkorallenfächer,horn_coral_fan
Geweihkorallenwandfächer,horn_coral_wall_fan
Eis,ice
Befallene_gemeißelte_Steinziegel,infested_chiseled_stone_bricks
Befallener_Bruchstein,infested_cobblestone
Befallene_rissige_Steinziegel,infested_cracked_stone_bricks
Befallener_Tiefenschiefer,infested_deepslate
Befallene_bemooste_Steinziegel,infested_mossy_stone_bricks
Befallener_Stein,infested_stone
Befallene_Steinziegel,infested_stone_bricks
Eisengitter,iron_bars
Eisenblock,iron_block
Eisentür,iron_door
Eisenerz,iron_ore
Eisenfalltür,iron_trapdoor
Kürbislaterne,jack_o_lantern
Verbundblock,jigsaw
Plattenspieler,jukebox
Tropenholzknopf,jungle_button
Tropenholztür,jungle_door
Tropenholzzaun,jungle_fence
Tropenholzzauntor,jungle_fence_gate
Tropenholzhängeschild,jungle_hanging_sign
Tropenbaumlaub,jungle_leaves
Tropenbaumstamm,jungle_log
Tropenholzbretter,jungle_planks
Tropenholzdruckplatte,jungle_pressure_plate
Tropenbaumsetzling,jungle_sapling
Tropenholzschild,jungle_sign
Tropenholzstufe,jungle_slab
Tropenholztreppe,jungle_stairs
Tropenholzfalltür,jungle_trapdoor
Tropenholzwandhängeschild,jungle_wall_hanging_sign
Tropenholzwandschild,jungle_wall_sign
Tropenholz,jungle_wood
Seetang,kelp
Seetangstängel,kelp_plant
Leiter,ladder
Laterne,lantern
Lapislazuliblock,lapis_block
Lapislazulierz,lapis_ore
Große_Amethystknospe,large_amethyst_bud
Großer_Farn,large_fern
Lava,lava
Lavakessel,lava_cauldron
Lesepult,lectern
Hebel,lever
Lichtblock,light
Hellblaues_Banner,light_blue_banner
Hellblaues_Bett,light_blue_bed
Hellblaue_Kerze,light_blue_candle
Kuchen_mit_hellblauer_Kerze,light_blue_candle_cake
Hellblauer_Teppich,light_blue_carpet
Hellblauer_Beton,light_blue_concrete
Hellblauer_Trockenbeton,light_blue_concrete_powder
Hellblaue_glasierte_Keramik,light_blue_glazed_terracotta
Hellblaue_Shulker_Kiste,light_blue_shulker_box
Hellblaues_Glas,light_blue_stained_glass
Hellblaue_Glasscheibe,light_blue_stained_glass_pane
Hellblaue_Keramik,light_blue_terracotta
Hellblaue_Wolle,light_blue_wool
Hellgraues_Banner,light_gray_banner
Hellgraues_Bett,light_gray_bed
Hellgraue_Kerze,light_gray_candle
Kuchen_mit_hellgrauer_Kerze,light_gray_candle_cake
Hellgrauer_Teppich,light_gray_carpet
Hellgrauer_Beton,light_gray_concrete
Hellgrauer_Trockenbeton,light_gray_concrete_powder
Hellgraue_glasierte_Keramik,light_gray_glazed_terracotta
Hellgraue_Shulker_Kiste,light_gray_shulker_box
Hellgraues_Glas,light_gray_stained_glass
Hellgraue_Glasscheibe,light_gray_stained_glass_pane
Hellgraue_Keramik,light_gray_terracotta
Hellgraue_Wolle,light_gray_wool
Feinwägeplatte,light_weighted_pressure_plate
Blitzableiter,lightning_rod
Flieder,lilac
Maiglöckchen,lily_of_the_valley
Seerosenblatt,lily_pad
Hellgrünes_Banner,lime_banner
Hellgrünes_Bett,lime_bed
Hellgrüne_Kerze,lime_candle
Kuchen_mit_hellgrüner_Kerze,lime_candle_cake
Hellgrüner_Teppich,lime_carpet
Hellgrüner_Beton,lime_concrete
Hellgrüner_Trockenbeton,lime_concrete_powder
Hellgrüne_glasierte_Keramik,lime_glazed_terracotta
Hellgrüne_Shulker_Kiste,lime_shulker_box
Hellgrünes_Glas,lime_stained_glass
Hellgrüne_Glasscheibe,lime_stained_glass_pane
Hellgrüne_Keramik,lime_terracotta
Hellgrüne_Wolle,lime_wool
Leitstein,lodestone
Webstuhl,loom
Magenta_Banner,magenta_banner
Magenta_Bett,magenta_bed
Magenta_Kerze,magenta_candle
Kuchen_mit_magenta_Kerze,magenta_candle_cake
Magenta_Teppich,magenta_carpet
Magenta_Beton,magenta_concrete
Magenta_Trockenbeton,magenta_concrete_powder
Magenta_glasierte_Keramik,magenta_glazed_terracotta
Magenta_Shulker_Kiste,magenta_shulker_box
Magenta_Glas,magenta_stained_glass
Magenta_Glasscheibe,magenta_stained_glass_pane
Magenta_Keramik,magenta_terracotta
Magenta_Wolle,magenta_wool
Magmablock,magma_block
Mangrovenholzknopf,mangrove_button
Mangrovenholztür,mangrove_door
Mangrovenholzzaun,mangrove_fence
Mangrovenholzzauntor,mangrove_fence_gate
Mangrovenholzhängeschild,mangrove_hanging_sign
Mangrovenlaub,mangrove_leaves
Mangrovenstamm,mangrove_log
Mangrovenholzbretter,mangrove_planks
Mangrovenholzdruckplatte,mangrove_pressure_plate
Mangroven_Keimling,mangrove_propagule
Mangrovenwurzeln,mangrove_roots
Mangrovenholzschild,mangrove_sign
Mangrovenholzstufe,mangrove_slab
Mangrovenholztreppe,mangrove_stairs
Mangrovenholzfalltür,mangrove_trapdoor
Mangrovenholzwandhängeschild,mangrove_wall_hanging_sign
Mangrovenholzwandschild,mangrove_wall_sign
Mangrovenholz,mangrove_wood
Mittlere_Amethystknospe,medium_amethyst_bud
Melone,melon
Melonenpflanze,melon_stem
Moosblock,moss_block
Moosteppich,moss_carpet
Bemooster_Bruchstein,mossy_cobblestone
Bemooste_Bruchsteinstufe,mossy_cobblestone_slab
Bemooste_Bruchsteintreppe,mossy_cobblestone_stairs
Bemooste_Bruchsteinmauer,mossy_cobblestone_wall
Bemooste_Steinziegelstufe,mossy_stone_brick_slab
Bemooste_Steinziegeltreppe,mossy_stone_brick_stairs
Bemooste_Steinziegelmauer,mossy_stone_brick_wall
Bemooste_Steinziegel,mossy_stone_bricks
Bewegter_Block,moving_piston
Schlamm,mud
Schlammziegelstufe,mud_brick_slab
Schlammziegeltreppe,mud_brick_stairs
Schlammziegelmauer,mud_brick_wall
Schlammziegel,mud_bricks
Schlammige_Mangrovenwurzeln,muddy_mangrove_roots
Pilzstiel,mushroom_stem
Myzel,mycelium
Netherziegelzaun,nether_brick_fence
Netherziegelstufe,nether_brick_slab
Netherziegeltreppe,nether_brick_stairs
Netherziegelmauer,nether_brick_wall
Netherziegel,nether_bricks
Nethergolderz,nether_gold_ore
Netherportal,nether_portal
Netherquarzerz,nether_quartz_ore
Nethersprossen,nether_sprouts
Netherwarzen,nether_wart
Netherwarzenblock,nether_wart_block
Netheritblock,netherite_block
Netherrack,netherrack
Notenblock,note_block
Eichenholzknopf,oak_button
Eichenholztür,oak_door
Eichenholzzaun,oak_fence
Eichenholzzauntor,oak_fence_gate
Eichenholzhängeschild,oak_hanging_sign
Eichenlaub,oak_leaves
Eichenstamm,oak_log
Eichenholzbretter,oak_planks
Eichenholzdruckplatte,oak_pressure_plate
Eichensetzling,oak_sapling
Eichenholzschild,oak_sign
Eichenholzstufe,oak_slab
Eichenholztreppe,oak_stairs
Eichenholzfalltür,oak_trapdoor
Eichenholzwandhängeschild,oak_wall_hanging_sign
Eichenholzwandschild,oak_wall_sign
Eichenholz,oak_wood
Beobachter,observer
Obsidian,obsidian
Ockernes_Froschlicht,ochre_froglight
Oranges_Banner,orange_banner
Oranges_Bett,orange_bed
Orange_Kerze,orange_candle
Kuchen_mit_oranger_Kerze,orange_candle_cake
Oranger_Teppich,orange_carpet
Oranger_Beton,orange_concrete
Oranger_Trockenbeton,orange_concrete_powder
Orange_glasierte_Keramik,orange_glazed_terracotta
Orange_Shulker_Kiste,orange_shulker_box
Oranges_Glas,orange_stained_glass
Orange_Glasscheibe,orange_stained_glass_pane
Orange_Keramik,orange_terracotta
Orange_Tulpe,orange_tulip
Orange_Wolle,orange_wool
Margerite,oxeye_daisy
Oxidierter_Kupferblock,oxidized_copper
Oxidierter_geschnittener_Kupferblock,oxidized_cut_copper
Oxidierte_geschnittene_Kupferstufe,oxidized_cut_copper_slab
Oxidierte_geschnittene_Kupfertreppe,oxidized_cut_copper_stairs
Packeis,packed_ice
Fester_Schlamm,packed_mud
Perlmutternes_Froschlicht,pearlescent_froglight
Pfingstrose,peony
Versteinerte_Eichenholzstufe,petrified_oak_slab
Piglinkopf,piglin_head
Piglin_Wandkopf,piglin_wall_head
Rosa_Banner,pink_banner
Rosa_Bett,pink_bed
Rosa_Kerze,pink_candle
Kuchen_mit_rosa_Kerze,pink_candle_cake
Rosa_Teppich,pink_carpet
Rosa_Beton,pink_concrete
Rosa_Trockenbeton,pink_concrete_powder
Rosa_glasierte_Keramik,pink_glazed_terracotta
Rosa_Blütenblätter,pink_petals
Rosa_Shulker_Kiste,pink_shulker_box
Rosa_Glas,pink_stained_glass
Rosa_Glasscheibe,pink_stained_glass_pane
Rosa_Keramik,pink_terracotta
Rosa_Tulpe,pink_tulip
Rosa_Wolle,pink_wool
Kolben,piston
Kolbenkopf,piston_head
Spielerkopf,player_head
Spieler_Wandkopf,player_wall_head
Podsol,podzol
Spitzer_Tropfstein,pointed_dripstone
Polierter_Andesit,polished_andesite
Polierte_Andesitstufe,polished_andesite_slab
Polierte_Andesittreppe,polished_andesite_stairs
Polierter_Basalt,polished_basalt
Polierter_Schwarzstein,polished_blackstone
Polierte_Schwarzsteinziegelstufe,polished_blackstone_brick_slab
Polierte_Schwarzsteinziegeltreppe,polished_blackstone_brick_stairs
Polierte_Schwarzsteinziegelmauer,polished_blackstone_brick_wall
Polierte_Schwarzsteinziegel,polished_blackstone_bricks
Polierter_Schwarzsteinknopf,polished_blackstone_button
Polierte_Schwarzsteindruckplatte,polished_blackstone_pressure_plate
Polierte_Schwarzsteinstufe,polished_blackstone_slab
Polierte_Schwarzsteintreppe,polished_blackstone_stairs
Polierte_Schwarzsteinmauer,polished_blackstone_wall
Polierter_Tiefenschiefer,polished_deepslate
Polierte_Tiefenschieferstufe,polished_deepslate_slab
Polierte_Tiefenschiefertreppe,polished_deepslate_stairs
Polierte_Tiefenschiefermauer,polished_deepslate_wall
Polierter_Diorit,polished_diorite
Polierte_Dioritstufe,polished_diorite_slab
Polierte_Diorittreppe,polished_diorite_stairs
Polierter_Granit,polished_granite
Polierte_Granitstufe,polished_granite_slab
Polierte_Granittreppe,polished_granite_stairs
Mohn,poppy
Kartoffeln,potatoes
Eingetopfter_Akaziensetzling,potted_acacia_sapling
Eingetopfter_Zierlauch,potted_allium
Eingetopfte_Azalee,potted_azalea_bush
Eingetopftes_Porzellansternchen,potted_azure_bluet
Eingetopfter_Bambus,potted_bamboo
Eingetopfter_Birkensetzling,potted_birch_sapling
Eingetopfte_blaue_Orchidee,potted_blue_orchid
Eingetopfter_brauner_Pilz,potted_brown_mushroom
Eingetopfter_Kaktus,potted_cactus
Eingetopfter_Kirschsetzling,potted_cherry_sapling
Eingetopfte_Kornblume,potted_cornflower
Eingetopfter_Karmesinpilz,potted_crimson_fungus
Eingetopfte_Karmesinwurzeln,potted_crimson_roots
Eingetopfter_Löwenzahn,potted_dandelion
Eingetopfter_Schwarzeichensetzling,potted_dark_oak_sapling
Eingetopfter_toter_Busch,potted_dead_bush
Eingetopfter_Farn,potted_fern
Eingetopfte_blühende_Azalee,potted_flowering_azalea_bush
Eingetopfter_Tropenbaumsetzling,potted_jungle_sapling
Eingetopftes_Maiglöckchen,potted_lily_of_the_valley
Eingetopfter_Mangroven_Keimling,potted_mangrove_propagule
Eingetopfter_Eichensetzling,potted_oak_sapling
Eingetopfte_orange_Tulpe,potted_orange_tulip
Eingetopfte_Margerite,potted_oxeye_daisy
Eingetopfte_rosa_Tulpe,potted_pink_tulip
Eingetopfter_Mohn,potted_poppy
Eingetopfter_roter_Pilz,potted_red_mushroom
Eingetopfte_rote_Tulpe,potted_red_tulip
Eingetopfter_Fichtensetzling,potted_spruce_sapling
Eingetopfte_Fackellilie,potted_torchflower
Eingetopfter_Wirrpilz,potted_warped_fungus
Eingetopfte_Wirrwurzeln,potted_warped_roots
Eingetopfte_weiße_Tulpe,potted_white_tulip
Eingetopfte_Wither_Rose,potted_wither_rose
Pulverschnee,powder_snow
Pulverschneekessel,powder_snow_cauldron
Antriebsschiene,powered_rail
Prismarin,prismarine
Prismarinziegelstufe,prismarine_brick_slab
Prismarinziegeltreppe,prismarine_brick_stairs
Prismarinziegel,prismarine_bricks
Prismarinstufe,prismarine_slab
Prismarintreppe,prismarine_stairs
Prismarinmauer,prismarine_wall
Kürbis,pumpkin
Kürbispflanze,pumpkin_stem
Violettes_Banner,purple_banner
Violettes_Bett,purple_bed
Violette_Kerze,purple_candle
Kuchen_mit_violetter_Kerze,purple_candle_cake
Violetter_Teppich,purple_carpet
Violetter_Beton,purple_concrete
Violetter_Trockenbeton,purple_concrete_powder
Violette_glasierte_Keramik,purple_glazed_terracotta
Violette_Shulker_Kiste,purple_shulker_box
Violettes_Glas,purple_stained_glass
Violette_Glasscheibe,purple_stained_glass_pane
Violette_Keramik,purple_terracotta
Violette_Wolle,purple_wool
Purpurblock,purpur_block
Purpursäule,purpur_pillar
Purpurstufe,purpur_slab
Purpurtreppe,purpur_stairs
Quarzblock,quartz_block
Quarzziegel,quartz_bricks
Quarzsäule,quartz_pillar
Quarzstufe,quartz_slab
Quarztreppe,quartz_stairs
Schiene,rail
Rohkupferblock,raw_copper_block
Rohgoldblock,raw_gold_block
Roheisenblock,raw_iron_block
Rotes_Banner,red_banner
Rotes_Bett,red_bed
Rote_Kerze,red_candle
Kuchen_mit_roter_Kerze,red_candle_cake
Roter_Teppich,red_carpet
Roter_Beton,red_concrete
Roter_Trockenbeton,red_concrete_powder
Rote_glasierte_Keramik,red_glazed_terracotta
Roter_Pilz,red_mushroom
Roter_Pilzblock,red_mushroom_block
Rote_Netherziegelstufe,red_nether_brick_slab
Rote_Netherziegeltreppe,red_nether_brick_stairs
Rote_Netherziegelmauer,red_nether_brick_wall
Rote_Netherziegel,red_nether_bricks
Roter_Sand,red_sand
Roter_Sandstein,red_sandstone
Rote_Sandsteinstufe,red_sandstone_slab
Rote_Sandsteintreppe,red_sandstone_stairs
Rote_Sandsteinmauer,red_sandstone_wall
Rote_Shulker_Kiste,red_shulker_box
Rotes_Glas,red_stained_glass
Rote_Glasscheibe,red_stained_glass_pane
Rote_Keramik,red_terracotta
Rote_Tulpe,red_tulip
Rote_Wolle,red_wool
Redstone_Block,redstone_block
Redstone_Lampe,redstone_lamp
Redstone_Erz,redstone_ore
Redstone_Fackel,redstone_torch
Redstone_Wandfackel,redstone_wall_torch
Redstone_Leitung,redstone_wire
Verstärkter_Tiefenschiefer,reinforced_deepslate
Redstone_Verstärker,repeater
Wiederhol_Befehlsblock,repeating_command_block
Seelenanker,respawn_anchor
Wurzelerde,rooted_dirt
Rosenstrauch,rose_bush
Sand,sand
Sandstein,sandstone
Sandsteinstufe,sandstone_slab
Sandsteintreppe,sandstone_stairs
Sandsteinmauer,sandstone_wall
Gerüst,scaffolding
Sculk,sculk
Sculk_Katalysator,sculk_catalyst
Sculk_Sensor,sculk_sensor
Sculk_Kreischer,sculk_shrieker
Sculk_Ader,sculk_vein
Seelaterne,sea_lantern
Meeresgurke,sea_pickle
Seegras,seagrass
Pilzlicht,shroomlight
Shulker_Kiste,shulker_box
Skelettschädel,skeleton_skull
Skelett_Wandschädel,skeleton_wall_skull
Schleimblock,slime_block
Kleine_Amethystknospe,small_amethyst_bud
Kleines_Tropfblatt,small_dripleaf
Schmiedetisch,smithing_table
Räucherofen,smoker
Glatter_Basalt,smooth_basalt
Glatter_Quarzblock,smooth_quartz
Glatte_Quarzstufe,smooth_quartz_slab
Glatte_Quarztreppe,smooth_quartz_stairs
Glatter_roter_Sandstein,smooth_red_sandstone
Glatte_rote_Sandsteinstufe,smooth_red_sandstone_slab
Glatte_rote_Sandsteintreppe,smooth_red_sandstone_stairs
Glatter_Sandstein,smooth_sandstone
Glatte_Sandsteinstufe,smooth_sandstone_slab
Glatte_Sandsteintreppe,smooth_sandstone_stairs
Glatter_Stein,smooth_stone
Glatte_Steinstufe,smooth_stone_slab
Schnee,snow
Schneeblock,snow_block
Seelenlagerfeuer,soul_campfire
Seelenfeuer,soul_fire
Seelenlaterne,soul_lantern
Seelensand,soul_sand
Seelenerde,soul_soil
Seelenfackel,soul_torch
Seelenwandfackel,soul_wall_torch
Spawner,spawner
Schwamm,sponge
Sporenblüte,spore_blossom
Fichtenholzknopf,spruce_button
Fichtenholztür,spruce_door
Fichtenholzzaun,spruce_fence
Fichtenholzzauntor,spruce_fence_gate
Fichtenholzhängeschild,spruce_hanging_sign
Fichtennadeln,spruce_leaves
Fichtenstamm,spruce_log
Fichtenholzbretter,spruce_planks
Fichtenholzdruckplatte,spruce_pressure_plate
Fichtensetzling,spruce_sapling
Fichtenholzschild,spruce_sign
Fichtenholzstufe,spruce_slab
Fichtenholztreppe,spruce_stairs
Fichtenholzfalltür,spruce_trapdoor
Fichtenholzwandhängeschild,spruce_wall_hanging_sign
Fichtenholzwandschild,spruce_wall_sign
Fichtenholz,spruce_wood
Klebriger_Kolben,sticky_piston
Stein,stone
Steinziegelstufe,stone_brick_slab
Steinziegeltreppe,stone_brick_stairs
Steinziegelmauer,stone_brick_wall
Steinziegel,stone_bricks
Steinknopf,stone_button
Steindruckplatte,stone_pressure_plate
Steinstufe,stone_slab
Steintreppe,stone_stairs
Steinsäge,stonecutter
Entrindeter_Akazienstamm,stripped_acacia_log
Entrindetes_Akazienholz,stripped_acacia_wood
Geschälter_Bambusblock,stripped_bamboo_block
Entrindeter_Birkenstamm,stripped_birch_log
Entrindetes_Birkenholz,stripped_birch_wood
Entrindeter_Kirschstamm,stripped_cherry_log
Entrindetes_Kirschholz,stripped_cherry_wood
Geschälte_Karmesinhyphen,stripped_crimson_hyphae
Geschälter_Karmesinstiel,stripped_crimson_stem
Entrindeter_Schwarzeichenstamm,stripped_dark_oak_log
Entrindetes_Schwarzeichenholz,stripped_dark_oak_wood
Entrindeter_Tropenbaumstamm,stripped_jungle_log
Entrindetes_Tropenholz,stripped_jungle_wood
Entrindeter_Mangrovenstamm,stripped_mangrove_log
Entrindetes_Mangrovenholz,stripped_mangrove_wood
Entrindeter_Eichenstamm,stripped_oak_log
Entrindetes_Eichenholz,stripped_oak_wood
Entrindeter_Fichtenstamm,stripped_spruce_log
Entrindetes_Fichtenholz,stripped_spruce_wood
Geschälte_Wirrhyphen,stripped_warped_hyphae
Geschälter_Wirrstiel,stripped_warped_stem
Konstruktionsblock,structure_block
Konstruktionsleere,structure_void
Zuckerrohr,sugar_cane
Sonnenblume,sunflower
Seltsamer_Sand,suspicious_sand
Süßbeerstrauch,sweet_berry_bush
Hohes_Gras,tall_grass
Hohes_Seegras,tall_seagrass
Zielblock,target
Keramik,terracotta
Getöntes_Glas,tinted_glass
TNT,tnt
Fackel,torch
Fackellilie,torchflower
Fackellilienpflanze,torchflower_crop
Redstone_Truhe,trapped_chest
Stolperdraht,tripwire
Haken,tripwire_hook
Orgelkoralle,tube_coral
Orgelkorallenblock,tube_coral_block
Orgelkorallenfächer,tube_coral_fan
Orgelkorallenwandfächer,tube_coral_wall_fan
Tuffstein,tuff
Schildkrötenei,turtle_egg
Zwirbelranken,twisting_vines
Zwirbelrankenpflanze,twisting_vines_plant
Junggrünes_Froschlicht,verdant_froglight
Ranken,vine
Leerenluft,void_air
Wandfackel,wall_torch
Wirrknopf,warped_button
Wirrtür,warped_door
Wirrzaun,warped_fence
Wirrzauntor,warped_fence_gate
Wirrpilz,warped_fungus
Wirrhängeschild,warped_hanging_sign
Wirrhyphen,warped_hyphae
Wirr_Nezel,warped_nylium
Wirrbretter,warped_planks
Wirrdruckplatte,warped_pressure_plate
Wirrwurzeln,warped_roots
Wirrschild,warped_sign
Wirrstufe,warped_slab
Wirrtreppe,warped_stairs
Wirrstiel,warped_stem
Wirrfalltür,warped_trapdoor
Wirrwandhängeschild,warped_wall_hanging_sign
Wirrwandschild,warped_wall_sign
Wirrwarzenblock,warped_wart_block
Wasser,water
Wasserkessel,water_cauldron
Gewachster_Kupferblock,waxed_copper_block
Gewachster_geschnittener_Kupferblock,waxed_cut_copper
Gewachste_geschnittene_Kupferstufe,waxed_cut_copper_slab
Gewachste_geschnittene_Kupfertreppe,waxed_cut_copper_stairs
Gewachster_angelaufener_Kupferblock,waxed_exposed_copper
Gewachster_angelaufener_geschnittener_Kupferblock,waxed_exposed_cut_copper
Gewachste_angelaufene_geschnittene_Kupferstufe,waxed_exposed_cut_copper_slab
Gewachste_angelaufene_geschnittene_Kupfertreppe,waxed_exposed_cut_copper_stairs
Gewachster_oxidierter_Kupferblock,waxed_oxidized_copper
Gewachster_oxidierter_geschnittener_Kupferblock,waxed_oxidized_cut_copper
Gewachste_oxidierte_geschnittene_Kupferstufe,waxed_oxidized_cut_copper_slab
Gewachste_oxidierte_geschnittene_Kupfertreppe,waxed_oxidized_cut_copper_stairs
Gewachster_verwitterter_Kupferblock,waxed_weathered_copper
Gewachster_verwitterter_geschnittener_Kupferblock,waxed_weathered_cut_copper
Gewachste_verwitterte_geschnittene_Kupferstufe,waxed_weathered_cut_copper_slab
Gewachste_verwitterte_geschnittene_Kupfertreppe,waxed_weathered_cut_copper_stairs
Verwitterter_Kupferblock,weathered_copper
Verwitterter_geschnittener_Kupferblock,weathered_cut_copper
Verwitterte_geschnittene_Kupferstufe,weathered_cut_copper_slab
Verwitterte_geschnittene_Kupfertreppe,weathered_cut_copper_stairs
Trauerranken,weeping_vines
Trauerrankenpflanze,weeping_vines_plant
Nasser_Schwamm,wet_sponge
Weizenpflanze,wheat
Weißes_Banner,white_banner
Weißes_Bett,white_bed
Weiße_Kerze,white_candle
Kuchen_mit_weißer_Kerze,white_candle_cake
Weißer_Teppich,white_carpet
Weißer_Beton,white_concrete
Weißer_Trockenbeton,white_concrete_powder
Weiße_glasierte_Keramik,white_glazed_terracotta
Weiße_Shulker_Kiste,white_shulker_box
Weißes_Glas,white_stained_glass
Weiße_Glasscheibe,white_stained_glass_pane
Weiße_Keramik,white_terracotta
Weiße_Tulpe,white_tulip
Weiße_Wolle,white_wool
Wither_Rose,wither_rose
Witherskelettschädel,wither_skeleton_skull
Witherskelett_Wandschädel,wither_skeleton_wall_skull
Gelbes_Banner,yellow_banner
Gelbes_Bett,yellow_bed
Gelbe_Kerze,yellow_candle
Kuchen_mit_gelber_Kerze,yellow_candle_cake
Gelber_Teppich,yellow_carpet
Gelber_Beton,yellow_concrete
Gelber_Trockenbeton,yellow_concrete_powder
Gelbe_glasierte_Keramik,yellow_glazed_terracotta
Gelbe_Shulker_Kiste,yellow_shulker_box
Gelbes_Glas,yellow_stained_glass
Gelbe_Glasscheibe,yellow_stained_glass_pane
Gelbe_Keramik,yellow_terracotta
Gelbe_Wolle,yellow_wool
Zombiekopf,zombie_head
Zombie_Wandkopf,zombie_wall_head
Akazienholzboot,acacia_boat
Akazienholztruhenboot,acacia_chest_boat
Hilfsgeist_Spawn_Ei,allay_spawn_egg
Amethystscherbe,amethyst_shard
Apfel,apple
Rüstungsständer,armor_stand
Pfeil,arrow
Axolotleimer,axolotl_bucket
Axolotl_Spawn_Ei,axolotl_spawn_egg
Ofenkartoffel,baked_potato
Bambus_Truhenfloß,bamboo_chest_raft
Bambusfloß,bamboo_raft
Fledermaus_Spawn_Ei,bat_spawn_egg
Bienen_Spawn_Ei,bee_spawn_egg
Rohes_Rindfleisch,beef
Rote_Bete,beetroot
Rote_Bete_Samen,beetroot_seeds
Borschtsch,beetroot_soup
Birkenholzboot,birch_boat
Birkenholztruhenboot,birch_chest_boat
Schwarzer_Farbstoff,black_dye
Lohenstaub,blaze_powder
Lohenrute,blaze_rod
Lohen_Spawn_Ei,blaze_spawn_egg
Blauer_Farbstoff,blue_dye
Knochen,bone
Knochenmehl,bone_meal
Buch,book
Bogen,bow
Schüssel,bowl
Brot,bread
Braustand,brewing_stand
Ziegel,brick
Brauner_Farbstoff,brown_dye
Pinsel,brush
Eimer,bucket
Bündel,bundle
Dromedar_Spawn_Ei,camel_spawn_egg
Karotte,carrot
Karottenrute,carrot_on_a_stick
Katzen_Spawn_Ei,cat_spawn_egg
Kessel,cauldron
Höhlenspinnen_Spawn_Ei,cave_spider_spawn_egg
Kettenstiefel,chainmail_boots
Kettenhemd,chainmail_chestplate
Kettenhaube,chainmail_helmet
Kettenhose,chainmail_leggings
Holzkohle,charcoal
Kirschholzboot,cherry_boat
Kirschholztruhenboot,cherry_chest_boat
Güterlore,chest_minecart
Rohes_Hühnchen,chicken
Huhn_Spawn_Ei,chicken_spawn_egg
Chorusfrucht,chorus_fruit
Tonklumpen,clay_ball
Uhr,clock
Kohle,coal
Kakaobohnen,cocoa_beans
Roher_Kabeljau,cod
Kabeljaueimer,cod_bucket
Kabeljau_Spawn_Ei,cod_spawn_egg
Befehlsblocklore,command_block_minecart
Kompass,compass
Steak,cooked_beef
Gebratenes_Hühnchen,cooked_chicken
Gebratener_Kabeljau,cooked_cod
Gebratenes_Hammelfleisch,cooked_mutton
Gebratenes_Schweinefleisch,cooked_porkchop
Gebratenes_Kaninchen,cooked_rabbit
Gebratener_Lachs,cooked_salmon
Keks,cookie
Kupferbarren,copper_ingot
Kuh_Spawn_Ei,cow_spawn_egg
Bannervorlage,creeper_banner_pattern
Creeper_Spawn_Ei,creeper_spawn_egg
Armbrust,crossbow
Türkiser_Farbstoff,cyan_dye
Schwarzeichenholzboot,dark_oak_boat
Schwarzeichenholztruhenboot,dark_oak_chest_boat
Debug_Stab,debug_stick
Diamant,diamond
Diamantaxt,diamond_axe
Diamantstiefel,diamond_boots
Diamantharnisch,diamond_chestplate
Diamanthelm,diamond_helmet
Diamanthacke,diamond_hoe
Diamantener_Rossharnisch,diamond_horse_armor
Diamantbeinschutz,diamond_leggings
Diamantspitzhacke,diamond_pickaxe
Diamantschaufel,diamond_shovel
Diamantschwert,diamond_sword
Plattenbruchstück,disc_fragment_5
Delfin_Spawn_Ei,dolphin_spawn_egg
Esel_Spawn_Ei,donkey_spawn_egg
Drachenatem,dragon_breath
Getrockneter_Seetang,dried_kelp
Ertrunkenen_Spawn_Ei,drowned_spawn_egg
Echoscherbe,echo_shard
Ei,egg
Großer_Wächter_Spawn_Ei,elder_guardian_spawn_egg
Elytren,elytra
Smaragd,emerald
Verzaubertes_Buch,enchanted_book
Verzauberter_goldener_Apfel,enchanted_golden_apple
Enderkristall,end_crystal
Enderdrachen_Spawn_Ei,ender_dragon_spawn_egg
Enderauge,ender_eye
Enderperle,ender_pearl
Enderman_Spawn_Ei,enderman_spawn_egg
Endermiten_Spawn_Ei,endermite_spawn_egg
Magier_Spawn_Ei,evoker_spawn_egg
Erfahrungsfläschchen,experience_bottle
Feder,feather
Fermentiertes_Spinnenauge,fermented_spider_eye
Karte,filled_map
Feuerkugel,fire_charge
Feuerwerksrakete,firework_rocket
Feuerwerksstern,firework_star
Angel,fishing_rod
Feuerstein,flint
Feuerzeug,flint_and_steel
Bannervorlage,flower_banner_pattern
Blumentopf,flower_pot
Fuchs_Spawn_Ei,fox_spawn_egg
Frosch_Spawn_Ei,frog_spawn_egg
Ofenlore,furnace_minecart
Ghast_Spawn_Ei,ghast_spawn_egg
Ghast_Träne,ghast_tear
Glasflasche,glass_bottle
Glitzernde_Melonenscheibe,glistering_melon_slice
Bannervorlage,globe_banner_pattern
Leuchtbeeren,glow_berries
Leuchttintenbeutel,glow_ink_sac
Leuchtrahmen,glow_item_frame
Leuchttintenfisch_Spawn_Ei,glow_squid_spawn_egg
Leuchtsteinstaub,glowstone_dust
Bockshorn,goat_horn
Ziegen_Spawn_Ei,goat_spawn_egg
Goldbarren,gold_ingot
Goldklumpen,gold_nugget
Goldener_Apfel,golden_apple
Goldaxt,golden_axe
Goldstiefel,golden_boots
Goldene_Karotte,golden_carrot
Goldharnisch,golden_chestplate
Goldhelm,golden_helmet
Goldhacke,golden_hoe
Goldener_Rossharnisch,golden_horse_armor
Goldbeinschutz,golden_leggings
Goldspitzhacke,golden_pickaxe
Goldschaufel,golden_shovel
Goldschwert,golden_sword
Grauer_Farbstoff,gray_dye
Grüner_Farbstoff,green_dye
Wächter_Spawn_Ei,guardian_spawn_egg
Schwarzpulver,gunpowder
Herz_des_Meeres,heart_of_the_sea
Hoglin_Spawn_Ei,hoglin_spawn_egg
Honigflasche,honey_bottle
Honigwabe,honeycomb
Trichterlore,hopper_minecart
Pferde_Spawn_Ei,horse_spawn_egg
Wüstenzombie_Spawn_Ei,husk_spawn_egg
Tintenbeutel,ink_sac
Eisenaxt,iron_axe
Eisenstiefel,iron_boots
Eisenharnisch,iron_chestplate
Eisengolem_Spawn_Ei,iron_golem_spawn_egg
Eisenhelm,iron_helmet
Eisenhacke,iron_hoe
Eiserner_Rossharnisch,iron_horse_armor
Eisenbarren,iron_ingot
Eisenbeinschutz,iron_leggings
Eisenklumpen,iron_nugget
Eisenspitzhacke,iron_pickaxe
Eisenschaufel,iron_shovel
Eisenschwert,iron_sword
Rahmen,item_frame
Tropenholzboot,jungle_boat
Tropenholztruhenboot,jungle_chest_boat
Buch_des_Wissens,knowledge_book
Lapislazuli,lapis_lazuli
Lavaeimer,lava_bucket
Leine,lead
Leder,leather
Lederstiefel,leather_boots
Lederjacke,leather_chestplate
Lederkappe,leather_helmet
Lederner_Rossharnisch,leather_horse_armor
Lederhose,leather_leggings
Hellblauer_Farbstoff,light_blue_dye
Hellgrauer_Farbstoff,light_gray_dye
Hellgrüner_Farbstoff,lime_dye
Verweiltrank,lingering_potion
Lama_Spawn_Ei,llama_spawn_egg
Magenta_Farbstoff,magenta_dye
Magmacreme,magma_cream
Magmawürfel_Spawn_Ei,magma_cube_spawn_egg
Mangrovenholzboot,mangrove_boat
Mangrovenholztruhenboot,mangrove_chest_boat
Leere_Karte,map
Melonenkerne,melon_seeds
Melonenscheibe,melon_slice
Milcheimer,milk_bucket
Lore,minecart
Bannervorlage,mojang_banner_pattern
Mooshroom_Spawn_Ei,mooshroom_spawn_egg
Maultier_Spawn_Ei,mule_spawn_egg
Pilzsuppe,mushroom_stew
Schallplatte,music_disc_11
Schallplatte,music_disc_13
Schallplatte,music_disc_5
Schallplatte,music_disc_blocks
Schallplatte,music_disc_cat
Schallplatte,music_disc_chirp
Schallplatte,music_disc_far
Schallplatte,music_disc_mall
Schallplatte,music_disc_mellohi
Schallplatte,music_disc_otherside
Schallplatte,music_disc_pigstep
Schallplatte,music_disc_stal
Schallplatte,music_disc_strad
Schallplatte,music_disc_wait
Schallplatte,music_disc_ward
Rohes_Hammelfleisch,mutton
Namensschild,name_tag
Nautilusschale,nautilus_shell
Netherziegel,nether_brick
Netherstern,nether_star
Netherwarze,nether_wart
Netheritaxt,netherite_axe
Netheritstiefel,netherite_boots
Netheritharnisch,netherite_chestplate
Netherithelm,netherite_helmet
Netherithacke,netherite_hoe
Netheritbarren,netherite_ingot
Netheritbeinschutz,netherite_leggings
Netheritspitzhacke,netherite_pickaxe
Netheritplatten,netherite_scrap
Netheritschaufel,netherite_shovel
Netheritschwert,netherite_sword
Eichenholzboot,oak_boat
Eichenholztruhenboot,oak_chest_boat
Ozelot_Spawn_Ei,ocelot_spawn_egg
Oranger_Farbstoff,orange_dye
Gemälde,painting
Panda_Spawn_Ei,panda_spawn_egg
Papier,paper
Papageien_Spawn_Ei,parrot_spawn_egg
Phantomhaut,phantom_membrane
Phantom_Spawn_Ei,phantom_spawn_egg
Schweine_Spawn_Ei,pig_spawn_egg
Bannervorlage,piglin_banner_pattern
Piglin_Barbaren_Spawn_Ei,piglin_brute_spawn_egg
Piglin_Spawn_Ei,piglin_spawn_egg
Plünderer_Spawn_Ei,pillager_spawn_egg
Rosa_Farbstoff,pink_dye
Giftige_Kartoffel,poisonous_potato
Eisbären_Spawn_Ei,polar_bear_spawn_egg
Geplatzte_Chorusfrucht,popped_chorus_fruit
Rohes_Schweinefleisch,porkchop
Kartoffel,potato
Trank,potion
Pulverschneeeimer,powder_snow_bucket
Prismarinkristalle,prismarine_crystals
Prismarinscherbe,prismarine_shard
Kugelfisch,pufferfish
Kugelfischeimer,pufferfish_bucket
Kugelfisch_Spawn_Ei,pufferfish_spawn_egg
Kürbiskuchen,pumpkin_pie
Kürbiskerne,pumpkin_seeds
Violetter_Farbstoff,purple_dye
Netherquarz,quartz
Rohes_Kaninchen,rabbit
Hasenpfote,rabbit_foot
Kaninchenfell,rabbit_hide
Kaninchen_Spawn_Ei,rabbit_spawn_egg
Kaninchenragout,rabbit_stew
Verwüster_Spawn_Ei,ravager_spawn_egg
Rohkupfer,raw_copper
Rohgold,raw_gold
Roheisen,raw_iron
Bergungskompass,recovery_compass
Roter_Farbstoff,red_dye
Redstone_Staub,redstone
Verrottetes_Fleisch,rotten_flesh
Sattel,saddle
Roher_Lachs,salmon
Lachseimer,salmon_bucket
Lachs_Spawn_Ei,salmon_spawn_egg
Schere,shears
Schafs_Spawn_Ei,sheep_spawn_egg
Schild,shield
Shulker_Schale,shulker_shell
Shulker_Spawn_Ei,shulker_spawn_egg
Silberfischchen_Spawn_Ei,silverfish_spawn_egg
Skelettpferde_Spawn_Ei,skeleton_horse_spawn_egg
Skelett_Spawn_Ei,skeleton_spawn_egg
Bannervorlage,skull_banner_pattern
Schleimball,slime_ball
Schleim_Spawn_Ei,slime_spawn_egg
Schnüffler_Spawn_Ei,sniffer_spawn_egg
Schneegolem_Spawn_Ei,snow_golem_spawn_egg
Schneeball,snowball
Spektralpfeil,spectral_arrow
Spinnenauge,spider_eye
Spinnen_Spawn_Ei,spider_spawn_egg
Wurftrank,splash_potion
Fichtenholzboot,spruce_boat
Fichtenholztruhenboot,spruce_chest_boat
Fernrohr,spyglass
Tintenfisch_Spawn_Ei,squid_spawn_egg
Stock,stick
Steinaxt,stone_axe
Steinhacke,stone_hoe
Steinspitzhacke,stone_pickaxe
Steinschaufel,stone_shovel
Steinschwert,stone_sword
Eiswanderer_Spawn_Ei,stray_spawn_egg
Schreiter_Spawn_Ei,strider_spawn_egg
Faden,string
Zucker,sugar
Seltsame_Suppe,suspicious_stew
Süßbeeren,sweet_berries
Kaulquappeneimer,tadpole_bucket
Kaulquappen_Spawn_Ei,tadpole_spawn_egg
Getränkter_Pfeil,tipped_arrow
TNT_Lore,tnt_minecart
Fackelliliensamen,torchflower_seeds
Totem_der_Unsterblichkeit,totem_of_undying
Händlerlama_Spawn_Ei,trader_llama_spawn_egg
Dreizack,trident
Tropenfisch,tropical_fish
Tropenfischeimer,tropical_fish_bucket
Tropenfisch_Spawn_Ei,tropical_fish_spawn_egg
Schildkrötenpanzer,turtle_helmet
Schildkröten_Spawn_Ei,turtle_spawn_egg
Plagegeister_Spawn_Ei,vex_spawn_egg
Dorfbewohner_Spawn_Ei,villager_spawn_egg
Diener_Spawn_Ei,vindicator_spawn_egg
Fahrender_Händler_Spawn_Ei,wandering_trader_spawn_egg
Wärter_Spawn_Ei,warden_spawn_egg
Wirrpilzrute,warped_fungus_on_a_stick
Wassereimer,water_bucket
Weizen,wheat
Weizenkörner,wheat_seeds
Weißer_Farbstoff,white_dye
Hexen_Spawn_Ei,witch_spawn_egg
Witherskelett_Spawn_Ei,wither_skeleton_spawn_egg
Wither_Spawn_Ei,wither_spawn_egg
Wolfs_Spawn_Ei,wolf_spawn_egg
Holzaxt,wooden_axe
Holzhacke,wooden_hoe
Holzspitzhacke,wooden_pickaxe
Holzschaufel,wooden_shovel
Holzschwert,wooden_sword
Buch_und_Feder,writable_book
Beschriebenes_Buch,written_book
Gelber_Farbstoff,yellow_dye
Zoglin_Spawn_Ei,zoglin_spawn_egg
Zombiepferde_Spawn_Ei,zombie_horse_spawn_egg
Zombie_Spawn_Ei,zombie_spawn_egg
Zombiedorfbewohner_Spawn_Ei,zombie_villager_spawn_egg
Zombifizierter_Piglin_Spawn_Ei,zombified_piglin_spawn_egg
